Name,Group,Description,Power,Amount,Manufacturer,Buying Price,Selling Price,Stock quantity,Requires prescription,Active
Napa,Paracetamol,Analgesic and antipyretic for pain and fever relief.,500mg,1 strip x 10 tablets,Beximco Pharmaceuticals Ltd.,10,12,1043, [], [✅]
Napa Extend,Paracetamol,Extended release analgesic for long-lasting pain relief.,665mg,1 strip x 10 tablets,Square Pharmaceuticals PLC,16,20,607, [], [✅]
Napa Rapid,Paracetamol,Fast acting paracetamol for rapid pain relief.,500mg,1 strip x 10 tablets,Incepta Pharmaceuticals Ltd.,13,15,593, [], [✅]
Ace,Paracetamol,Analgesic and antipyretic medication.,500mg,1 strip x 10 tablets,Opsonin Pharma Ltd.,10,12,727, [], [✅]
Ace Plus,Paracetamol + Caffeine,Combination analgesic for severe headache and fever.,500mg/65mg,1 strip x 10 tablets,Renata Limited,20,25,949, [], [✅]
Fast,Paracetamol,Fever and pain reducer.,500mg,1 strip x 10 tablets,Aci Limited,10,12,1026, [], [✅]
Seclo,Omeprazole,Proton pump inhibitor for acidity and gastric ulcers.,20mg,1 strip x 10 capsules,Eskayef Pharmaceuticals Ltd.,40,50,933, [], [✅]
Seclo,Omeprazole,Proton pump inhibitor for severe GERD.,40mg,1 strip x 10 capsules,Aristopharma Ltd.,60,70,1184, [], [✅]
Losectil,Omeprazole,Anti-ulcerant for gastric hyperacidity.,20mg,1 strip x 10 capsules,Drug International Ltd.,42,50,803, [], [✅]
Sergel,Esomeprazole,Advanced proton pump inhibitor for acid reflux relief.,20mg,1 strip x 10 capsules,Radiant Pharmaceuticals Ltd.,58,70,1417, [], [✅]
Sergel,Esomeprazole,High dose anti-ulcerant for erosive esophagitis.,40mg,1 strip x 10 capsules,Popular Pharmaceuticals Ltd.,75,90,389, [], [✅]
Maxpro,Esomeprazole,Acid suppressant for gastric relief.,20mg,1 strip x 10 tablets,Beacon Pharmaceuticals PLC,58,70,304, [], [✅]
Maxpro,Esomeprazole,Gastric acid reducer.,40mg,1 strip x 10 tablets,Healthcare Pharmaceuticals Ltd.,76,90,645, [], [✅]
Nexum,Esomeprazole,Gastric hyperacidity and ulcer relief.,20mg,1 strip x 10 capsules,Beximco Pharmaceuticals Ltd.,56,70,964, [], [✅]
Finix,Rabeprazole,Proton pump inhibitor for rapid acid suppression.,20mg,1 strip x 10 tablets,Square Pharmaceuticals PLC,60,70,959, [], [✅]
Alacen,Alimemazine,Antihistamine for allergic rhinitis and itching.,5mg,1 strip x 10 tablets,Incepta Pharmaceuticals Ltd.,25,30,1056, [], [✅]
Fexo,Fexofenadine HCl,Non-sedating antihistamine for seasonal allergies.,120mg,1 strip x 10 tablets,Opsonin Pharma Ltd.,68,80,1068, [], [✅]
Fexo,Fexofenadine HCl,High strength antihistamine for chronic urticaria.,180mg,1 strip x 10 tablets,Renata Limited,92,110,1016, [], [✅]
Telfast,Fexofenadine HCl,Premium non-drowsy allergy relief.,120mg,1 strip x 10 tablets,Aci Limited,80,100,690, [], [✅]
Alatrol,Cetirizine Dihydrochloride,Effective daily allergy and cold relief.,10mg,1 strip x 15 tablets,Eskayef Pharmaceuticals Ltd.,38,45,1207, [], [✅]
Histacin,Chlorpheniramine Maleate,Classic antihistamine for allergic reactions.,4mg,1 strip x 10 tablets,Aristopharma Ltd.,4,5,707, [], [✅]
Monas,Montelukast,Leukotriene receptor antagonist for asthma management.,10mg,1 strip x 10 tablets,Drug International Ltd.,130,150,514, [✅], [✅]
Monas,Montelukast,Pediatric chewable asthma control tablet.,5mg,1 strip x 10 tablets,Radiant Pharmaceuticals Ltd.,70,80,438, [✅], [✅]
Provair,Montelukast,Prophylaxis and chronic treatment of asthma.,10mg,1 strip x 10 tablets,Popular Pharmaceuticals Ltd.,125,150,585, [✅], [✅]
Azmasol,Salbutamol,Bronchodilator MDI inhaler for asthma rescue.,100mcg/puff,1 Canister x 200 puffs,Beacon Pharmaceuticals PLC,190,220,319, [✅], [✅]
Windel,Salbutamol,Bronchodilator tablet for respiratory relief.,4mg,1 strip x 10 tablets,Healthcare Pharmaceuticals Ltd.,8,10,343, [✅], [✅]
Zimax,Azithromycin,Broad-spectrum macrolide antibiotic.,500mg,1 strip x 3 tablets,Beximco Pharmaceuticals Ltd.,95,105,966, [✅], [✅]
Azithrocin,Azithromycin,Antibiotic for bacterial respiratory infections.,500mg,1 strip x 3 tablets,Square Pharmaceuticals PLC,96,105,1279, [✅], [✅]
Fixim,Cefixime,Third-generation cephalosporin antibiotic.,400mg,1 strip x 7 capsules,Incepta Pharmaceuticals Ltd.,280,315,1119, [✅], [✅]
Cef-3,Cefixime,Potent antibiotic for urinary and ENT infections.,400mg,1 strip x 7 capsules,Opsonin Pharma Ltd.,285,315,1212, [✅], [✅]
Cefutil,Cefuroxime Axetil,Second-generation cephalosporin antibiotic.,500mg,1 strip x 8 tablets,Renata Limited,360,400,1283, [✅], [✅]
Cerox,Cefuroxime Axetil,Broad antibiotic coverage for systemic infections.,500mg,1 strip x 8 tablets,Aci Limited,362,400,1208, [✅], [✅]
Fluclox,Flucloxacillin,Penicillinase-resistant antibiotic for skin infections.,500mg,1 strip x 10 capsules,Eskayef Pharmaceuticals Ltd.,90,110,514, [✅], [✅]
Phylopen,Flucloxacillin,Antibiotic targeting staphylococcal skin infections.,500mg,1 strip x 10 capsules,Aristopharma Ltd.,92,110,537, [✅], [✅]
Moxacil,Amoxicillin,Broad-spectrum penicillin antibiotic.,500mg,1 strip x 10 capsules,Drug International Ltd.,60,70,607, [✅], [✅]
Flemoxin,Amoxicillin,Antibiotic for standard bacterial infections.,500mg,1 strip x 10 tablets,Radiant Pharmaceuticals Ltd.,62,72,1043, [✅], [✅]
Ciprocin,Ciprofloxacin,Fluoroquinolone antibiotic for GI and UT infections.,500mg,1 strip x 10 tablets,Popular Pharmaceuticals Ltd.,130,150,1205, [✅], [✅]
Neofloxin,Ciprofloxacin,Potent broad-spectrum fluoroquinolone antibiotic.,500mg,1 strip x 10 tablets,Beacon Pharmaceuticals PLC,128,150,905, [✅], [✅]
Levoflox,Levofloxacin,Advanced respiratory and urinary antibiotic.,500mg,1 strip x 10 tablets,Healthcare Pharmaceuticals Ltd.,100,120,1104, [✅], [✅]
Avelox,Moxifloxacin,Fluoroquinolone for complex respiratory tract infections.,400mg,1 strip x 5 tablets,Beximco Pharmaceuticals Ltd.,200,230,555, [✅], [✅]
Bizoran,Amlodipine + Olmesartan,Combination antihypertensive for high BP control.,5mg/20mg,1 strip x 10 tablets,Square Pharmaceuticals PLC,100,120,759, [✅], [✅]
Camlodin,Amlodipine Besilate,Calcium channel blocker for hypertension.,5mg,1 strip x 10 tablets,Incepta Pharmaceuticals Ltd.,42,50,1119, [✅], [✅]
Amocal,Amlodipine,Blood pressure lowering medication.,5mg,1 strip x 10 tablets,Opsonin Pharma Ltd.,40,50,1278, [✅], [✅]
Angilock,Losartan Potassium,Angiotensin II receptor antagonist for hypertension.,50mg,1 strip x 10 tablets,Renata Limited,68,80,615, [✅], [✅]
Angilock Plus,Losartan + Hydrochlorothiazide,Combined antihypertensive and diuretic.,50mg/12.5mg,1 strip x 10 tablets,Aci Limited,85,100,698, [✅], [✅]
Osart,Losartan Potassium,Cardioprotective hypertension management.,50mg,1 strip x 10 tablets,Eskayef Pharmaceuticals Ltd.,70,80,1155, [✅], [✅]
Concor,Bisoprolol Fumarate,Beta-blocker for hypertension and angina pectoris.,5mg,1 strip x 10 tablets,Aristopharma Ltd.,85,100,1059, [✅], [✅]
Concor,Bisoprolol Fumarate,Low dose beta-blocker for stable heart failure.,2.5mg,1 strip x 10 tablets,Drug International Ltd.,52,60,831, [✅], [✅]
Bisoprol,Bisoprolol Fumarate,Management of high blood pressure and ischemic heart disease.,5mg,1 strip x 10 tablets,Radiant Pharmaceuticals Ltd.,65,75,599, [✅], [✅]
Cardizen,Diltiazem HCl,Calcium channel blocker for chronic stable angina.,60mg,1 strip x 10 tablets,Popular Pharmaceuticals Ltd.,40,48,1478, [✅], [✅]
Lipigel,Atorvastatin,Statins for lowering cholesterol and lipid control.,10mg,1 strip x 10 tablets,Beacon Pharmaceuticals PLC,102,120,1107, [✅], [✅]
Atova,Atorvastatin,Lipid-lowering agent to prevent cardiovascular risk.,20mg,1 strip x 10 tablets,Healthcare Pharmaceuticals Ltd.,155,180,1107, [✅], [✅]
Rovista,Rosuvastatin,Potent statin for advanced cardiovascular protection.,10mg,1 strip x 10 tablets,Beximco Pharmaceuticals Ltd.,128,150,469, [✅], [✅]
Rovista,Rosuvastatin,High efficacy lipid-regulating agent.,5mg,1 strip x 10 tablets,Square Pharmaceuticals PLC,72,85,482, [✅], [✅]
Ecosprin,Aspirin,Anti-platelet aggregator to prevent cardiac thrombus.,75mg,1 strip x 14 tablets,Incepta Pharmaceuticals Ltd.,10,14,692, [✅], [✅]
Atrin,Aspirin (Enteric Coated),Gastro-resistant anti-platelet formulation.,75mg,1 strip x 10 tablets,Opsonin Pharma Ltd.,8,10,1335, [✅], [✅]
Clopilet,Clopidogrel,Anti-thrombotic therapy post myocardial infarction.,75mg,1 strip x 10 tablets,Renata Limited,102,120,648, [✅], [✅]
Anclog,Clopidogrel,Platelet aggregation inhibitor.,75mg,1 strip x 10 tablets,Aci Limited,100,120,1063, [✅], [✅]
Gliben,Glibenclamide,Sulfonylurea anti-diabetic agent.,5mg,1 strip x 10 tablets,Eskayef Pharmaceuticals Ltd.,12,15,658, [✅], [✅]
Comet,Metformin Hydrochloride,Biguanide oral hypoglycemic for Type 2 diabetes.,500mg,1 strip x 10 tablets,Aristopharma Ltd.,21,25,353, [✅], [✅]
Comet XR,Metformin Hydrochloride,Extended release metformin for glycemic control.,850mg,1 strip x 10 tablets,Drug International Ltd.,38,45,533, [✅], [✅]
Secrin,Glimepiride,Third generation sulfonylurea for type 2 diabetes.,2mg,1 strip x 10 tablets,Radiant Pharmaceuticals Ltd.,68,80,500, [✅], [✅]
Secrin,Glimepiride,Long-acting blood glucose regulator.,1mg,1 strip x 10 tablets,Popular Pharmaceuticals Ltd.,42,50,971, [✅], [✅]
Dianil,Gliclazide,Oral hypoglycemic agent minimizing beta cell fatigue.,80mg,1 strip x 10 tablets,Beacon Pharmaceuticals PLC,48,55,533, [✅], [✅]
Garnil,Linagliptin,DPP-4 inhibitor for type-2 diabetes mellitus.,5mg,1 strip x 10 tablets,Healthcare Pharmaceuticals Ltd.,190,220,807, [✅], [✅]
Linaglip,Linagliptin,Highly selective DPP-4 enzyme inhibitor.,5mg,1 strip x 10 tablets,Beximco Pharmaceuticals Ltd.,185,220,339, [✅], [✅]
Jardiance,Empagliflozin,SGLT2 inhibitor providing cardio-renal safety.,10mg,1 strip x 10 tablets,Square Pharmaceuticals PLC,260,300,1060, [✅], [✅]
Imotil,Loperamide HCl,Antidiarrheal agent to decrease intestinal motility.,2mg,1 strip x 10 capsules,Incepta Pharmaceuticals Ltd.,12,15,1255, [], [✅]
Entydue,Nitazoxanide,Antiprotozoal agent for infectious diarrhea.,500mg,1 strip x 6 tablets,Opsonin Pharma Ltd.,90,108,1477, [✅], [✅]
Filmet,Metronidazole,Amoebicide and anti-protozoal medication.,400mg,1 strip x 10 tablets,Renata Limited,18,22,675, [✅], [✅]
Flamyd,Metronidazole,Anti-anaerobic bacterial and protozoal drug.,400mg,1 strip x 10 tablets,Aci Limited,17,22,470, [✅], [✅]
Xenobid,Naproxen,NSAID for musculoskeletal pain and arthritis.,500mg,1 strip x 10 tablets,Eskayef Pharmaceuticals Ltd.,68,80,515, [✅], [✅]
Anaprox,Naproxen Sodium,Rapidly absorbed anti-inflammatory analgesic.,550mg,1 strip x 10 tablets,Aristopharma Ltd.,86,100,1259, [✅], [✅]
Flamax,Flurbiprofen,NSAID for acute perioperative and ocular pain.,100mg,1 strip x 10 tablets,Drug International Ltd.,50,60,618, [✅], [✅]
Voltalin,Diclofenac Sodium,Potent systemic analgesic and anti-arthritic.,50mg,1 strip x 10 tablets,Radiant Pharmaceuticals Ltd.,22,28,592, [✅], [✅]
Clofenac,Diclofenac Sodium,NSAID for severe rheumatic and chronic pain.,50mg,1 strip x 10 tablets,Popular Pharmaceuticals Ltd.,20,26,1374, [✅], [✅]
Aceclor,Aceclofenac,Selective cox-inhibitor targeting joint inflammation.,100mg,1 strip x 10 tablets,Beacon Pharmaceuticals PLC,38,45,659, [✅], [✅]
Flexi,Aceclofenac,Anti-inflammatory for osteoarthritis and RA.,100mg,1 strip x 10 tablets,Healthcare Pharmaceuticals Ltd.,37,45,1430, [✅], [✅]
Etoricox,Etoricoxib,Selective COX-2 inhibitor for acute gouty pain.,90mg,1 strip x 10 tablets,Beximco Pharmaceuticals Ltd.,95,110,611, [✅], [✅]
Ecox,Etoricoxib,Targeted anti-inflammatory for bone and joint pain.,120mg,1 strip x 10 tablets,Square Pharmaceuticals PLC,110,130,1457, [✅], [✅]
Calbo,Calcium Carbonate,Calcium supplement for bone health.,500mg,1 strip x 15 tablets,Incepta Pharmaceuticals Ltd.,75,90,1408, [], [✅]
Calbo-D,Calcium + Vitamin D3,Essential mineral combination for bone density.,500mg/200IU,1 strip x 15 tablets,Opsonin Pharma Ltd.,105,120,1099, [], [✅]
Ostocal D,Calcium + Vitamin D3,Daily calcium management for osteoporosis.,500mg/200IU,1 strip x 15 tablets,Renata Limited,102,120,465, [], [✅]
D-Rise,Cholecalciferol (Vit. D3),High potency vitamin D3 for correction of deficiency.,40000IU,1 strip x 4 capsules,Aci Limited,135,160,520, [✅], [✅]
Surbex-T,Vitamin B-Complex + Vitamin C,High potency therapeutic B-complex with Vitamin C.,Standard,1 strip x 10 tablets,Eskayef Pharmaceuticals Ltd.,55,65,1363, [], [✅]
Beco-Zinc,Vitamin B-Complex + Zinc,Immune support and tissue regeneration supplement.,Standard,1 strip x 15 tablets,Aristopharma Ltd.,40,48,608, [], [✅]
Neuro-B,Vitamin B1 + B6 + B12,Combination for neuropathic pain and nerve health.,100mg/200mg/200mcg,1 strip x 10 tablets,Drug International Ltd.,72,90,1099, [], [✅]
Neo-B,Vitamin B1 + B6 + B12,Nerve optimization multivitamin compound.,100mg/200mg/200mcg,1 strip x 10 tablets,Radiant Pharmaceuticals Ltd.,75,90,487, [], [✅]
Aristovit M,Multivitamin & Multimineral,Comprehensive daily nutritional coverage.,A to Z,1 Bottle x 30 tablets,Popular Pharmaceuticals Ltd.,180,220,1038, [], [✅]
Xeldrin,Glucosamine + Chondroitin,Cartilage rebuilder for advanced osteoarthritis.,500mg/400mg,1 strip x 10 tablets,Beacon Pharmaceuticals PLC,140,160,792, [], [✅]
Bextram Gold,Multivitamin & Multimineral,Premium therapeutic nutrition supplement.,A to Z,1 Bottle x 30 tablets,Healthcare Pharmaceuticals Ltd.,200,240,1179, [], [✅]
Feosol,Iron Carbonyl + Folic Acid,Hematinic therapy for iron deficiency anemia.,50mg/610mcg,1 strip x 10 capsules,Beximco Pharmaceuticals Ltd.,42,50,632, [], [✅]
Zif,Zinc Sulfate + Iron,Prenatal nutritional replacement capsule.,Standard,1 strip x 10 capsules,Square Pharmaceuticals PLC,30,35,1352, [], [✅]
Avomine,Promethazine Theoclate,Antiemetic for motion sickness and vertigo.,25mg,1 strip x 10 tablets,Incepta Pharmaceuticals Ltd.,15,20,873, [], [✅]
Joytrip,Hyoscine Hydrobromide,Fast acting travel sickness preventative.,0.3mg,1 strip x 4 tablets,Opsonin Pharma Ltd.,12,16,1094, [], [✅]
Motigut,Domperidone,Prokinetic agent for treating nausea and dyspepsia.,10mg,1 strip x 10 tablets,Renata Limited,25,30,498, [], [✅]
Omidon,Domperidone,Anti-emetic and gastroprokinetic stimulant.,10mg,1 strip x 10 tablets,Aci Limited,24,30,958, [], [✅]
Ondasan,Ondansetron,Serotonin 5-HT3 antagonist for chemo/post-op nausea.,8mg,1 strip x 10 tablets,Eskayef Pharmaceuticals Ltd.,62,75,1456, [✅], [✅]
Emistat,Ondansetron,Anti-emetic for severe vomiting control.,8mg,1 strip x 10 tablets,Aristopharma Ltd.,64,75,502, [✅], [✅]
Vergon,Cinnarizine,Peripheral vasodilator and anti-vertigo medication.,25mg,1 strip x 10 tablets,Drug International Ltd.,18,22,326, [], [✅]
Cinaron,Cinnarizine,Cerebral circulatory disorder and labyrinthine treatment.,75mg,1 strip x 10 tablets,Radiant Pharmaceuticals Ltd.,35,42,783, [], [✅]
Serc,Betahistine Dihydrochloride,Meniere's disease and inner ear pressure treatment.,16mg,1 strip x 10 tablets,Popular Pharmaceuticals Ltd.,95,110,343, [✅], [✅]
Betaserc,Betahistine Dihydrochloride,Premium vestibular system regulator.,8mg,1 strip x 10 tablets,Beacon Pharmaceuticals PLC,60,70,908, [✅], [✅]
Sedil,Diazepam,"Benzodiazepine for anxiety, muscle spasm and seizures.",5mg,1 strip x 10 tablets,Healthcare Pharmaceuticals Ltd.,10,12,383, [✅], [✅]
Easium,Diazepam,Controlled tranquilizer for acute anxiety states.,5mg,1 strip x 10 tablets,Beximco Pharmaceuticals Ltd.,11,13,1098, [✅], [✅]
Myolax,Tolperisone Hydrochloride,Centrally acting muscle relaxant without sedation.,50mg,1 strip x 10 tablets,Square Pharmaceuticals PLC,40,48,835, [✅], [✅]
Flexibac,Baclofen,Muscle relaxant for severe muscle spasticity.,10mg,1 strip x 10 tablets,Incepta Pharmaceuticals Ltd.,85,100,1421, [✅], [✅]
Bakloflex,Baclofen,GABA-derivative central muscle spasmolytic.,5mg,1 strip x 10 tablets,Opsonin Pharma Ltd.,46,55,876, [✅], [✅]
Disopan,Bromazepam,Anxiolytic for psychoneurotic states.,3mg,1 strip x 10 tablets,Renata Limited,42,50,316, [✅], [✅]
Laxyl,Bromazepam,Symptomatic treatment of severe tension and anxiety.,3mg,1 strip x 10 tablets,Aci Limited,43,50,926, [✅], [✅]
Frisium,Clobazam,Adjunctive therapy in epilepsy and cluster seizures.,10mg,1 strip x 10 tablets,Eskayef Pharmaceuticals Ltd.,95,110,1056, [✅], [✅]
Cloba,Clobazam,Anticonvulsant and muscle relaxant properties.,10mg,1 strip x 10 tablets,Aristopharma Ltd.,80,95,1112, [✅], [✅]
Epilout,Sodium Valproate,Broad-spectrum antiepileptic drug.,200mg,1 strip x 10 tablets,Drug International Ltd.,75,90,1218, [✅], [✅]
Torax,Ketorolac Tromethamine,Potent systemic NSAID for short-term acute pain.,10mg,1 strip x 10 tablets,Radiant Pharmaceuticals Ltd.,85,100,1238, [✅], [✅]
Rolac,Ketorolac Tromethamine,Injectable-strength oral NSAID for severe trauma pain.,10mg,1 strip x 10 tablets,Popular Pharmaceuticals Ltd.,86,100,1467, [✅], [✅]
Ketorol,Ketorolac Tromethamine,Management of moderate to severe post-surgical pain.,10mg,1 strip x 10 tablets,Beacon Pharmaceuticals PLC,84,100,1276, [✅], [✅]
Tryptin,Amitriptyline HCl,Tricyclic antidepressant used also for neuropathic pain prophylaxis.,25mg,1 strip x 10 tablets,Healthcare Pharmaceuticals Ltd.,18,22,774, [✅], [✅]
Tryptin,Amitriptyline HCl,Low dose formulation for tension headaches and sleep promotion.,10mg,1 strip x 10 tablets,Beximco Pharmaceuticals Ltd.,10,12,1011, [✅], [✅]
Prodep,Fluoxetine,SSRI for major depressive disorders and OCD.,20mg,1 strip x 10 capsules,Square Pharmaceuticals PLC,35,42,1130, [✅], [✅]
Seronil,Fluoxetine,Selective serotonin reuptake inhibitor.,20mg,1 strip x 10 capsules,Incepta Pharmaceuticals Ltd.,36,42,679, [✅], [✅]
Zoloft,Sertraline,Premium antidepressant for panic and social anxiety.,50mg,1 strip x 10 tablets,Opsonin Pharma Ltd.,180,210,807, [✅], [✅]
Sertra,Sertraline,SSRI for long term emotional stabilizer therapy.,50mg,1 strip x 10 tablets,Renata Limited,105,120,1157, [✅], [✅]
Rivotril,Clonazepam,High potency benzodiazepine for panic attacks and epilepsy.,0.5mg,1 strip x 10 tablets,Aci Limited,62,72,969, [✅], [✅]
Rivotril,Clonazepam,Maximum dosage for refractory status epilepticus control.,2mg,1 strip x 10 tablets,Eskayef Pharmaceuticals Ltd.,105,120,1440, [✅], [✅]
Denixil,Clonazepam,Anxiolytic and panic disorder management tool.,0.5mg,1 strip x 10 tablets,Aristopharma Ltd.,50,60,1231, [✅], [✅]
Clon-A,Clonazepam,Anticonvulsant and sedation inducing agent.,0.5mg,1 strip x 10 tablets,Drug International Ltd.,48,60,1093, [✅], [✅]
Pase,Clonazepam,Central nervous system dampener for generalized anxiety.,1mg,1 strip x 10 tablets,Radiant Pharmaceuticals Ltd.,72,85,662, [✅], [✅]
Zolam,Alprazolam,Short acting anxiolytic for situational panic disorder.,0.5mg,1 strip x 10 tablets,Popular Pharmaceuticals Ltd.,52,62,845, [✅], [✅]
Xanax,Alprazolam,High quality fast relief targeted benzodiazepine.,0.25mg,1 strip x 10 tablets,Beacon Pharmaceuticals PLC,45,55,664, [✅], [✅]
Alprax,Alprazolam,Anxiety management and sleep initiation support.,0.5mg,1 strip x 10 tablets,Healthcare Pharmaceuticals Ltd.,50,62,396, [✅], [✅]
Hypnocum,Midazolam,Ultra-short acting benzodiazepine for pre-anesthesia sedation.,7.5mg,1 strip x 10 tablets,Beximco Pharmaceuticals Ltd.,70,85,828, [✅], [✅]
Dormicum,Midazolam,Surgical grade procedural sedative tablet.,15mg,1 strip x 10 tablets,Square Pharmaceuticals PLC,135,160,1480, [✅], [✅]
Imovane,Zopiclone,Non-benzodiazepine hypnotic for chronic insomnia.,7.5mg,1 strip x 10 tablets,Incepta Pharmaceuticals Ltd.,85,100,589, [✅], [✅]
Zopilone,Zopiclone,Sleep induction aid reducing midnight awakenings.,7.5mg,1 strip x 10 tablets,Opsonin Pharma Ltd.,75,90,716, [✅], [✅]
Solpidem,Zolpidem Tartrate,Sedative-hypnotic targeting sleep centers precisely.,10mg,1 strip x 10 tablets,Renata Limited,70,85,1317, [✅], [✅]
Zolpid,Zolpidem Tartrate,Short-term management of sleep latency issues.,5mg,1 strip x 10 tablets,Aci Limited,42,50,1489, [✅], [✅]
Gaviscon,Sodium Alginate + Magnesium Carbonate,Reflux barrier forming antacid suspension.,Standard,1 Bottle x 200ml,Eskayef Pharmaceuticals Ltd.,185,210,1278, [], [✅]
Entacyd,Aluminum Hydroxide + Magnesium Hydroxide,Classic chewable buffer antacid.,Standard,1 strip x 10 tablets,Aristopharma Ltd.,15,20,1138, [], [✅]
Flatameal DS,Simethicone + Antacid,Double strength antiflatulent and hyperacidity relief.,Standard,1 strip x 10 tablets,Drug International Ltd.,22,28,1153, [], [✅]
Mucogel,Oxetacaine + Antacid,Local anesthetic antacid for painful mucosal ulcers.,Standard,1 Bottle x 200ml,Radiant Pharmaceuticals Ltd.,115,135,708, [], [✅]
Avil,Pheniramine Maleate,Antihistamine for severe drug eruptions and hives.,25mg,1 strip x 10 tablets,Popular Pharmaceuticals Ltd.,16,20,796, [], [✅]
Phenergan,Promethazine HCl,Sedative antihistamine with strong anti-emetic actions.,10mg,1 strip x 10 tablets,Beacon Pharmaceuticals PLC,12,15,536, [], [✅]
Tusca,Dextromethorphan + Guaiphenesin,Antitussive and expectorant for dry racking cough.,Standard,1 Bottle x 100ml,Healthcare Pharmaceuticals Ltd.,68,80,464, [], [✅]
Adryll,Diphenhydramine HCl,Sedative cough syrup for nighttime allergy relief.,Standard,1 Bottle x 100ml,Beximco Pharmaceuticals Ltd.,52,60,1469, [], [✅]
Brozedex,Bromhexine HCl + Menthol,Mucolytic cough syrup to liquify sticky sputum.,Standard,1 Bottle x 100ml,Square Pharmaceuticals PLC,58,70,807, [], [✅]
Mucosolvan,Ambroxol Hydrochloride,Systemic mucokinetic agent for productive airway disease.,30mg,1 strip x 10 tablets,Incepta Pharmaceuticals Ltd.,40,50,1341, [], [✅]
Mirakof,Butamirate Citrate,Centrally acting non-opioid dry cough suppressant.,50mg,1 strip x 10 tablets,Opsonin Pharma Ltd.,68,80,1211, [], [✅]
Torecan,Thiethylperazine,Central acting labyrinthine anti-emetic formulation.,6.5mg,1 strip x 10 tablets,Renata Limited,48,60,310, [✅], [✅]
Dulcolax,Bisacodyl,Contact stimulant laxative for acute constipation treatment.,5mg,1 strip x 10 tablets,Aci Limited,10,12,1417, [], [✅]
Clear,Sodium Picosulfate,Stimulant laxative acting directly on colon walls.,10mg,1 strip x 10 tablets,Eskayef Pharmaceuticals Ltd.,38,45,1438, [], [✅]
Avilax,Lactulose,Osmotic laxative also used in hepatic encephalopathy management.,Standard,1 Bottle x 200ml,Aristopharma Ltd.,170,200,449, [], [✅]
Osmolax,Lactulose,Gentle long-term pediatric and geriatric laxative solution.,Standard,1 Bottle x 100ml,Drug International Ltd.,95,115,1282, [], [✅]
Orsaline N,Oral Rehydration Salts (ORS),WHO formulation salt mix for hydration tracking.,Standard,1 Box x 20 Sachets,Radiant Pharmaceuticals Ltd.,100,120,1419, [], [✅]
SMC ORS Moni,Oral Rehydration Salts (Fruity),Electrolyte replenishment powder mix with taste optimization.,Standard,1 Box x 20 Sachets,Popular Pharmaceuticals Ltd.,110,130,1485, [], [✅]
Vermox,Mebendazole,Broad spectrum anthelmintic for pinworms and roundworms.,100mg,1 strip x 6 tablets,Beacon Pharmaceuticals PLC,25,32,1213, [], [✅]
Alben,Albendazole,Single dose anti-parasitic worm eradication compound.,400mg,1 strip x 2 tablets,Healthcare Pharmaceuticals Ltd.,16,20,1459, [], [✅]
Solas,Albendazole,Systemic single dose chewable anthelmintic.,400mg,1 strip x 1 tablet,Beximco Pharmaceuticals Ltd.,8,10,351, [], [✅]
Scabo,Ivermectin,Oral ectoparasiticide targeting scabies infestation.,6mg,1 strip x 4 tablets,Square Pharmaceuticals PLC,40,50,401, [✅], [✅]
Zantac,Ranitidine HCl,Histamine H2 receptor antagonist for baseline acid safety.,150mg,1 strip x 10 tablets,Incepta Pharmaceuticals Ltd.,25,30,1171, [], [✅]
Neoceptin R,Ranitidine HCl,Alternative H2 blocker supporting critical gastric barriers.,150mg,1 strip x 10 tablets,Opsonin Pharma Ltd.,24,30,979, [], [✅]
Famotack,Famotidine,High potency H2 antagonist with long acid control duration.,20mg,1 strip x 10 tablets,Renata Limited,35,42,1184, [], [✅]
Doxiva,Doxofylline,Xanthine bronchodilator for COPD with lower cardiac toxicity.,400mg,1 strip x 10 tablets,Aci Limited,72,85,979, [✅], [✅]
Pulmoxen,Doxofylline,Anti-asthmatic bronchodilator supporting airway optimization.,400mg,1 strip x 10 tablets,Eskayef Pharmaceuticals Ltd.,70,85,495, [✅], [✅]
Frisocough,Levodropropizine,Peripheral cough suppressant targeting airway nerves directly.,60mg,1 strip x 10 tablets,Aristopharma Ltd.,60,70,569, [], [✅]
Ketotif,Ketotifen Fumarate,Mast cell stabilizer preventing chronic pediatric asthma cycles.,1mg,1 strip x 10 tablets,Drug International Ltd.,22,28,1090, [], [✅]
Tofen,Ketotifen Fumarate,Prophylactic antihistamine for systemic allergy prevention.,1mg,1 strip x 10 tablets,Radiant Pharmaceuticals Ltd.,20,28,1298, [], [✅]
Deriphyllin,Etofylline + Theophylline,Classic combination bronchodilator for emergency asthmatic states.,Standard,1 strip x 10 tablets,Popular Pharmaceuticals Ltd.,12,15,1222, [✅], [✅]
Thyrox,Levothyroxine Sodium,Thyroid hormone replacement therapy for hypothyroidism.,50mcg,1 Bottle x 100 tablets,Beacon Pharmaceuticals PLC,160,190,1054, [✅], [✅]
Thyrin,Levothyroxine Sodium,Synthetic T4 hormone compound for endocrine calibration.,25mcg,1 Bottle x 50 tablets,Healthcare Pharmaceuticals Ltd.,90,110,317, [✅], [✅]
Eltroxin,Levothyroxine Sodium,Premium synthetic thyroid hormone baseline balancer.,50mcg,1 Bottle x 100 tablets,Beximco Pharmaceuticals Ltd.,180,210,849, [✅], [✅]
Cabolin,Cabergoline,Dopamine receptor agonist suppressing hyperprolactinemia states.,0.5mg,1 strip x 4 tablets,Square Pharmaceuticals PLC,320,380,1312, [✅], [✅]
Dostinex,Cabergoline,High-tier endocrine modifier targeting prolactin oversecretion.,0.5mg,1 strip x 2 tablets,Incepta Pharmaceuticals Ltd.,200,240,803, [✅], [✅]
Prednisone,Prednisolone,Glucocorticoid immunosuppressant for acute inflammatory flare-ups.,5mg,1 strip x 10 tablets,Opsonin Pharma Ltd.,15,20,1311, [✅], [✅]
Cortan,Prednisolone,Systemic corticosteroid for rheumatologic control.,10mg,1 strip x 10 tablets,Renata Limited,26,32,878, [✅], [✅]
Deltason,Prednisolone,Broad-spectrum immune downregulator compound.,20mg,1 strip x 10 tablets,Aci Limited,45,55,1164, [✅], [✅]
Dexameth,Dexamethasone,Highly potent anti-inflammatory corticosteroid formulation.,0.5mg,1 strip x 10 tablets,Eskayef Pharmaceuticals Ltd.,10,14,1235, [✅], [✅]
Oradexon,Dexamethasone,Classic critical steroid supporting shock and edema suppression.,0.5mg,1 strip x 10 tablets,Aristopharma Ltd.,11,14,927, [✅], [✅]
Deflazacort,Deflazacort,Bone-sparing corticosteroid for muscular dystrophy and arthritis.,6mg,1 strip x 10 tablets,Drug International Ltd.,105,130,687, [✅], [✅]
Deflaza,Deflazacort,Alternative safer profile systemic corticosteroid compound.,12mg,1 strip x 10 tablets,Radiant Pharmaceuticals Ltd.,185,220,1113, [✅], [✅]
Progyluton,Estradiol + Norgestrel,Hormone replacement therapy for menstrual cycle regularization.,Standard,1 Pack x 21 tablets,Popular Pharmaceuticals Ltd.,260,310,572, [✅], [✅]
Femoston,Estradiol + Dydrogesterone,Sequential combo HRT for postmenopausal symptoms control.,1mg/10mg,1 Pack x 28 tablets,Beacon Pharmaceuticals PLC,620,700,484, [✅], [✅]
Climen,Estradiol + Cyproterone,Anti-androgenic hormone replacement option.,Standard,1 Pack x 21 tablets,Healthcare Pharmaceuticals Ltd.,380,440,827, [✅], [✅]
Duphaston,Dydrogesterone,Synthetic progesterone for threatened abortion management.,10mg,1 strip x 10 tablets,Beximco Pharmaceuticals Ltd.,420,480,332, [✅], [✅]
Geston,Allylestrenol,Trophotropic hormone compound preserving premature pregnancies.,5mg,1 strip x 10 tablets,Square Pharmaceuticals PLC,105,130,869, [✅], [✅]
Urokit,Potassium Citrate,Urinary alkalinizer preventing calcium oxalate crystallization.,10mEq,1 strip x 10 tablets,Incepta Pharmaceuticals Ltd.,80,100,708, [✅], [✅]
Alkamix,Potassium Citrate mix,Systemic liquid formulation resolving burning micturition.,Standard,1 Bottle x 200ml,Opsonin Pharma Ltd.,130,150,768, [], [✅]
Cranbi,Cranberry Extract,Nutraceutical preventing bacterial adhesion in bladder walls.,Standard,1 strip x 10 capsules,Renata Limited,160,200,543, [], [✅]
Uromax,Tamsulosin HCl,Alpha-1 blocker treating benign prostatic hyperplasia (BPH).,0.4mg,1 strip x 10 capsules,Aci Limited,125,150,1240, [✅], [✅]
Prostacin,Tamsulosin HCl,Selective dynamic tracking prostatic smooth muscle relaxant.,0.4mg,1 strip x 10 capsules,Eskayef Pharmaceuticals Ltd.,120,150,659, [✅], [✅]
Finastar,Finasteride,5-alpha reductase inhibitor reducing mechanical prostate volume.,5mg,1 strip x 10 tablets,Aristopharma Ltd.,102,120,1049, [✅], [✅]
Proscar,Finasteride,Premium anti-androgen profiling dynamic prostate shrinkage.,5mg,1 strip x 10 tablets,Drug International Ltd.,145,170,1086, [✅], [✅]
Dutaster,Dutasteride,Dual mechanism 5-alpha reductase suppression tool.,0.5mg,1 strip x 10 capsules,Radiant Pharmaceuticals Ltd.,135,160,585, [✅], [✅]
Viagra,Sildenafil Citrate,PDE5 inhibitor compound managing erectile dysfunction pathologies.,50mg,1 strip x 4 tablets,Popular Pharmaceuticals Ltd.,120,160,782, [✅], [✅]
Egra,Sildenafil Citrate,Local classic formulation tracking corpus cavernosum perfusion.,100mg,1 strip x 4 tablets,Beacon Pharmaceuticals PLC,180,220,637, [✅], [✅]
Cialis,Tadalafil,Long acting extended therapeutic window PDE5 modulator.,20mg,1 strip x 4 tablets,Healthcare Pharmaceuticals Ltd.,240,300,463, [✅], [✅]
Ziflox,Tadalafil,Continuous tracking low dose endothelial support tool.,5mg,1 strip x 10 tablets,Beximco Pharmaceuticals Ltd.,130,160,1450, [✅], [✅]
Livolin Forte,Phospholipids + Vitamins,Hepatoprotective agent tracking liver regeneration pathways.,Standard,1 strip x 10 capsules,Square Pharmaceuticals PLC,210,250,1233, [], [✅]
Hepavir,Tenofovir Disoproxil,Nucleotide reverse transcriptase inhibitor for Chronic Hepatitis B.,300mg,1 Bottle x 30 tablets,Incepta Pharmaceuticals Ltd.,1100,1300,1337, [✅], [✅]
Entavir,Entecavir,Guanosine nucleoside analogue suppressing HBV DNA replication.,0.5mg,1 strip x 10 tablets,Opsonin Pharma Ltd.,260,300,765, [✅], [✅]
Purge,Polyethylene Glycol,Whole bowel irrigation solution mix for colonoscopy prep.,Standard,1 Sachet,Renata Limited,55,65,1257, [✅], [✅]
Prucal,Prucalopride,High affinity 5-HT4 agonist restoring chronic colon motility.,2mg,1 strip x 10 tablets,Aci Limited,190,230,741, [✅], [✅]
Normanal,Diosmin + Hesperidin,Vascular stabilizing flavonoid compound treating acute hemorrhoids.,500mg,1 strip x 10 tablets,Eskayef Pharmaceuticals Ltd.,105,130,1470, [], [✅]
Phlebodia,Diosmin,Highly purified phlebotonic reducing capillary fragility lines.,600mg,1 strip x 15 tablets,Aristopharma Ltd.,260,300,671, [], [✅]
Anusol,Zinc Oxide mix,Symptomatic rectal soothing suppository for fissures.,Standard,1 Box x 10 suppositories,Drug International Ltd.,80,100,629, [], [✅]
Proctosedyl,Hydrocortisone + Cinchocaine,Anesthetic anti-inflammatory compound targeting local piles pain.,Standard,1 Tube x 15g,Radiant Pharmaceuticals Ltd.,140,170,704, [✅], [✅]
Disposable Syringe 5cc,Medical Supplies,Sterile 3-part medical single use syringe with needle.,5ml,1 Box x 100 pcs,Hospital Supply Division,450,600,195, [], [✅]
Disposable Syringe 10cc,Medical Supplies,Sterile high safety diagnostic and injection barrel.,10ml,1 Box x 50 pcs,Hospital Supply Division,320,400,255, [], [✅]
Disposable Syringe 3cc,Medical Supplies,Precision small volume administration syringe.,3ml,1 Box x 100 pcs,Hospital Supply Division,420,550,472, [], [✅]
Insulin Syringe U-100,Medical Supplies,Fixed ultra-fine needle syringe tracking precise units.,1ml,1 Box x 100 pcs,Hospital Supply Division,750,900,231, [], [✅]
Infusion Set,Medical Supplies,Intravenous fluid delivery lines with fluid regulators.,Standard,1 Box x 50 pcs,Hospital Supply Division,850,1100,143, [], [✅]
Butterfly Needle 23G,Medical Supplies,Winged infusion system tracking difficult venous access points.,23G,1 Box x 100 pcs,Hospital Supply Division,1100,1400,456, [], [✅]
IV Cannula 20G,Medical Supplies,Pink color code hub peripheral intravenous line port.,20G,1 Box x 50 pcs,Hospital Supply Division,1200,1500,454, [], [✅]
IV Cannula 22G,Medical Supplies,Blue standard pediatric/geriatric IV fluid access pipeline.,22G,1 Box x 50 pcs,Hospital Supply Division,1200,1500,402, [], [✅]
IV Cannula 24G,Medical Supplies,Yellow neonate critical care intravenous pathway cannula.,24G,1 Box x 50 pcs,Hospital Supply Division,1400,1750,439, [], [✅]
First Aid Bandage,Wound Care,Antiseptic medicated quick seal strip dressings.,Standard,1 Box x 100 pcs,Hospital Supply Division,80,120,239, [], [✅]
Micropore Tape 1 inch,Wound Care,Hypoallergenic paper medical tape for secure skin fixation.,1 inch,1 Box x 12 rolls,Hospital Supply Division,480,600,472, [], [✅]
Micropore Tape 0.5 inch,Wound Care,Narrow format delicate dressing anchoring surgical tape.,0.5 inch,1 Box x 24 rolls,Hospital Supply Division,480,600,451, [], [✅]
Leukoplast 2 inch,Wound Care,Heavy zinc oxide high tensile strength structural bandage tape.,2 inch,1 Roll,Hospital Supply Division,135,165,361, [], [✅]
Sterile Gauze Pad 4x4,Wound Care,Absorbent 12-ply individual sterile surgical gauze units.,4x4 inch,1 Pack x 100 pcs,Hospital Supply Division,380,500,434, [], [✅]
Sterile Gauze Pad 3x3,Wound Care,Medium trauma coverage mechanical cleaning matrix pad.,3x3 inch,1 Pack x 100 pcs,Hospital Supply Division,290,380,305, [], [✅]
Cotton Roll 500g,Wound Care,Highly absorbent pure diagnostic grade raw medical cotton layer.,500g,1 Roll,Hospital Supply Division,210,260,338, [], [✅]
Crepe Bandage 4 inch,Wound Care,Elastic orthopedic compression wrap managing joints sprains.,4 inch,1 Roll,Hospital Supply Division,75,95,260, [], [✅]
Crepe Bandage 6 inch,Wound Care,Wide configuration muscle strain wrapping elastic band.,6 inch,1 Roll,Hospital Supply Division,110,140,161, [], [✅]
Povidone Iodine Sol. 10%,Antiseptics,Broad spectrum topical surgical scrubbing germicide fluid.,10%,1 Bottle x 100ml,Hospital Supply Division,85,100,500, [], [✅]
Povidone Iodine Sol. 10% Large,Antiseptics,OT preparation large volume topical disinfectant.,10%,1 Bottle x 500ml,Hospital Supply Division,340,400,334, [], [✅]
Hexisol Hand Rub,Antiseptics,Chlorhexidine Gluconate instant surgical hand disinfection solution.,0.5%,1 Bottle x 250ml,Hospital Supply Division,115,130,127, [], [✅]
Hexisol Hand Rub Large,Antiseptics,Ward wall-dispenser sizing professional germicidal rub.,0.5%,1 Bottle x 500ml,Hospital Supply Division,195,220,257, [], [✅]
Hydrogen Peroxide 6%,Antiseptics,Oxidizing chemical debriding agent cleaning necrotic ulcers.,6%,1 Bottle x 100ml,Hospital Supply Division,32,45,344, [], [✅]
Surgical Spirit,Antiseptics,70% Isopropyl alcohol base skin preparation cleanser.,70%,1 Bottle x 400ml,Hospital Supply Division,110,140,298, [], [✅]
Savlon Liquid Antiseptic,Antiseptics,Classic chlorhexidine + cetrimide formulation multi-use concentrate.,Standard,1 Bottle x 1L,Hospital Supply Division,280,320,198, [], [✅]
Surgical Gloves Sterile 7.0,Medical Supplies,Pre-powdered natural latex micro-textured operating gloves.,Size 7.0,1 Box x 50 pairs,Hospital Supply Division,1600,2000,432, [], [✅]
Surgical Gloves Sterile 7.5,Medical Supplies,Optimal hand fitting ergonomic surgical barrier lines.,Size 7.5,1 Box x 50 pairs,Hospital Supply Division,1600,2000,116, [], [✅]
Examination Gloves Nitrile,Medical Supplies,Powder-free latex allergy safe diagnostic blue gloves.,Medium,1 Box x 100 pcs,Hospital Supply Division,650,800,346, [], [✅]
Face Mask 3-Ply Loop,Medical Supplies,High melt-blown filtration index fluid resistant surgical mask.,Standard,1 Box x 50 pcs,Hospital Supply Division,100,150,130, [], [✅]
N95 Particulate Respirator,Medical Supplies,NIOSH certified high protection isolation ward respirators.,Standard,1 Pack x 10 pcs,Hospital Supply Division,650,800,185, [], [✅]
Foley Catheter 2-Way 16Fr,Medical Supplies,Sterile silicone coated latex retention urinary tracker lines.,16Fr,1 Box x 10 pcs,Hospital Supply Division,950,1200,441, [✅], [✅]
Foley Catheter 2-Way 14Fr,Medical Supplies,Narrow profile dynamic bladder access tracking channel.,14Fr,1 Box x 10 pcs,Hospital Supply Division,950,1200,325, [✅], [✅]
Urine Drainage Bag,Medical Supplies,2000ml medical fluid collector line with anti-reflux valve system.,2000ml,1 Box x 25 pcs,Hospital Supply Division,1100,1500,398, [], [✅]
Nasogastric Tube Fr16,Medical Supplies,Enteral nutritional feeding tube with radiopaque layout lines.,Fr16,1 Box x 20 pcs,Hospital Supply Division,1400,1800,178, [✅], [✅]
Oxygen Mask Adult,Medical Supplies,High flow clear vinyl mask tracking oxygen concentrations.,Adult,1 pc,Hospital Supply Division,85,120,348, [], [✅]
Nasal Oxygen Cannula,Medical Supplies,Twin prong comfortable long term oxygen delivery line.,Standard,1 pc,Hospital Supply Division,45,70,330, [], [✅]
Nebulizer Kit Complete,Medical Supplies,Medication cup aero-chamber tube lines with child/adult mask.,Universal,1 Set,Hospital Supply Division,160,220,298, [], [✅]
Surgical Blade No.11,Medical Supplies,High carbon steel sharp stabbing incision blade elements.,No.11,1 Box x 100 pcs,Hospital Supply Division,650,850,383, [✅], [✅]
Surgical Blade No.15,Medical Supplies,Small curved precision delicate tissue dissecting blades.,No.15,1 Box x 100 pcs,Hospital Supply Division,650,850,366, [✅], [✅]
Surgical Blade No.22,Medical Supplies,Large skin incision skin surgical layout knife blade.,No.22,1 Box x 100 pcs,Hospital Supply Division,650,850,386, [✅], [✅]
Silk Suture 2-0,Sutures,Non-absorbable braided black silk structural suture wires.,2-0,1 Box x 12 foils,Hospital Supply Division,1100,1400,166, [✅], [✅]
Vicryl Suture 1-0,Sutures,Absorbable synthetic braided polyglactin muscle closure line.,1-0,1 Box x 12 foils,Hospital Supply Division,3800,4400,115, [✅], [✅]
Prolene Suture 3-0,Sutures,Monofilament polypropylene smooth cardiovascular suture strand.,3-0,1 Box x 12 foils,Hospital Supply Division,3200,3800,207, [✅], [✅]
Blood Bag Single,Medical Supplies,CPDA-1 anticoagulant blood collection unit with needle.,450ml,1 Box x 10 pcs,Hospital Supply Division,1350,1700,116, [✅], [✅]
Moxaclav,Amoxicillin + Clavulanic Acid,Co-amoxiclav beta-lactamase inhibitor antibiotic mix.,625mg,1 strip x 6 tablets,Beximco Pharmaceuticals Ltd.,220,260,1041, [✅], [✅]
Flemoclav,Amoxicillin + Clavulanic Acid,Advanced dynamic antibiotic shield against resistant strains.,1g,1 strip x 4 tablets,Square Pharmaceuticals PLC,180,210,322, [✅], [✅]
Flugal,Fluconazole,Systemic antifungal treating candidiasis infections.,150mg,1 strip x 2 tablets,Incepta Pharmaceuticals Ltd.,25,30,1130, [], [✅]
Lucan,Fluconazole,Broad spectrum triazole antifungal treatment module.,50mg,1 strip x 10 tablets,Opsonin Pharma Ltd.,85,100,843, [], [✅]
Dandsel,Ketoconazole,Anti-dandruff topical medicinal scalp therapy lotion.,2%,1 Bottle x 100ml,Renata Limited,190,220,1006, [], [✅]
Nystat,Nystatin,Oral antifungal suspension treating thrush conditions.,100000IU/ml,1 Bottle x 30ml,Aci Limited,42,50,446, [✅], [✅]
Amaryl M,Glimepiride + Metformin,Dual mechanism synergistic metabolic tracker.,2mg/500mg,1 strip x 10 tablets,Eskayef Pharmaceuticals Ltd.,110,130,868, [✅], [✅]
Aloglip,Sitagliptin,Selective DPP-4 control element managing postprandial sugars.,50mg,1 strip x 10 tablets,Aristopharma Ltd.,140,165,434, [✅], [✅]
Vildas,Vildagliptin,Incretin enhancer protecting baseline pancreatic cells.,50mg,1 strip x 10 tablets,Drug International Ltd.,135,160,445, [✅], [✅]
Megalyn,Pregabalin,Neuropathic pain modular blocker and structural stabilizer.,75mg,1 strip x 10 capsules,Radiant Pharmaceuticals Ltd.,155,180,343, [✅], [✅]
Preba,Pregabalin,GABAergic central neurotransmitter pathway dampener.,50mg,1 strip x 10 capsules,Popular Pharmaceuticals Ltd.,110,130,1176, [✅], [✅]
Gaba,Gabapentin,Post-herpetic neuralgia and neuropathic chronic pain manager.,300mg,1 strip x 10 tablets,Beacon Pharmaceuticals PLC,190,220,923, [✅], [✅]
Anadol,Tramadol HCl,Centrally acting synthetic opioid analgesic element.,50mg,1 strip x 10 capsules,Healthcare Pharmaceuticals Ltd.,85,100,1006, [✅], [✅]
Apadol,Tramadol + Paracetamol,Synergistic opioid-antipyretic heavy pain compound.,37.5mg/325mg,1 strip x 10 tablets,Beximco Pharmaceuticals Ltd.,130,150,1169, [✅], [✅]
Morphin,Morphine Sulfate,Surgical-tier intense terminal pain management narcotic.,15mg,1 strip x 10 tablets,Square Pharmaceuticals PLC,260,310,913, [✅], [✅]
Disopan C,Clonazepam,Combination psychological tranquilizer tracking pathways.,0.5mg,1 strip x 10 tablets,Incepta Pharmaceuticals Ltd.,55,65,560, [✅], [✅]
Olanza,Olanzapine,Atypical antipsychotic regulating dopamine-serotonin arrays.,5mg,1 strip x 10 tablets,Opsonin Pharma Ltd.,65,75,950, [✅], [✅]
Risper,Risperidone,Antipsychotic targeting manic states and schizophrenia profiles.,2mg,1 strip x 10 tablets,Renata Limited,80,95,238, [✅], [✅]
Zosert,Sertraline,Major depressive disorder emotional tracking medicine.,100mg,1 strip x 10 tablets,Aci Limited,185,220,439, [✅], [✅]
Secentra,Escitalopram,Highly selective serotonin reuptake blocker.,10mg,1 strip x 10 tablets,Eskayef Pharmaceuticals Ltd.,102,120,472, [✅], [✅]
Loram,Escitalopram,Anxiety and depressive episode stabilization lines.,5mg,1 strip x 10 tablets,Aristopharma Ltd.,60,70,342, [✅], [✅]
Anfranil,Clomipramine HCl,Tricyclic drug targeting OCD obsessions explicitly.,25mg,1 strip x 10 tablets,Drug International Ltd.,75,90,202, [✅], [✅]
Atarax,Hydroxyzine HCl,Sedative antipruritic breaking itch-scratch cycle loops.,25mg,1 strip x 10 tablets,Radiant Pharmaceuticals Ltd.,35,45,462, [], [✅]
Deflux,Domperidone,Gastroesophageal reflux motility acceleration fluid.,1mg/ml,1 Bottle x 60ml,Popular Pharmaceuticals Ltd.,45,55,390, [], [✅]
Butapan,Hyoscine Butylbromide,Smooth muscle antispasmodic resolving visceral cramping.,10mg,1 strip x 10 tablets,Beacon Pharmaceuticals PLC,40,50,209, [], [✅]
Bevenal,Mebeverine HCl,Musculotropic antispasmodic targeting irritable bowel syndrome.,135mg,1 strip x 10 tablets,Healthcare Pharmaceuticals Ltd.,78,90,648, [], [✅]
Meva SR,Mebeverine,Sustained release smooth muscle GI track balancer.,200mg,1 strip x 10 capsules,Beximco Pharmaceuticals Ltd.,135,160,443, [], [✅]
Profasm,Alverine Citrate,Pelvic and abdominal visceral spasm relaxation agent.,60mg,1 strip x 10 capsules,Square Pharmaceuticals PLC,65,80,893, [], [✅]
Ulcaid,Sucralfate,Cytoprotective cross-linking gastric ulcer coating paste.,1g/5ml,1 Bottle x 200ml,Incepta Pharmaceuticals Ltd.,210,250,525, [✅], [✅]
Baby Zinc,Zinc Sulfate,Pediatric diarrheal duration shortening zinc therapy.,20mg/5ml,1 Bottle x 100ml,Opsonin Pharma Ltd.,42,50,1048, [], [✅]
Ferris,Iron Polymaltose,Non-constipating macromolecular iron delivery syrup.,50mg/5ml,1 Bottle x 100ml,Renata Limited,95,115,420, [], [✅]
Folison,Folic Acid,DNA synthesis tracking periconceptional neural tube protector.,5mg,1 strip x 15 tablets,Aci Limited,12,18,277, [], [✅]
Feoplus,Carbonyl Iron,High bioavailability elemental iron compound tracking cells.,100mg,1 strip x 10 capsules,Eskayef Pharmaceuticals Ltd.,65,80,819, [], [✅]
E-Gel,Vitamin E,Antioxidant capturing free radical structural stress arrays.,400IU,1 strip x 10 softgels,Aristopharma Ltd.,68,80,229, [], [✅]
Ceevit,Vitamin C,Ascorbic acid chewable scurvy prevention element.,250mg,1 strip x 10 tablets,Drug International Ltd.,22,28,1011, [], [✅]
Hairvit,Biotin,Coenzyme supplement optimizing keratin structure lines.,5mg,1 strip x 10 tablets,Radiant Pharmaceuticals Ltd.,110,140,817, [], [✅]
D3-Caps,Cholecalciferol,Baseline calcium absorption optimization module.,20000IU,1 strip x 4 capsules,Popular Pharmaceuticals Ltd.,85,100,765, [✅], [✅]
Camlodin-AT,Amlodipine + Atenolol,Dual action calcium blocker + beta blocker synergy layout.,5mg/50mg,1 strip x 10 tablets,Beacon Pharmaceuticals PLC,85,100,463, [✅], [✅]
Telmi,Telmisartan,Angiotensin II receptor antagonist with prolonged half-life.,40mg,1 strip x 10 tablets,Healthcare Pharmaceuticals Ltd.,70,82,580, [✅], [✅]
Angitel,Telmisartan,Cardiovascular endpoint tracking high performance antihypertensive.,80mg,1 strip x 10 tablets,Beximco Pharmaceuticals Ltd.,120,140,653, [✅], [✅]
Olmetec,Olmesartan Medoxomil,Potent vascular smooth muscle relaxation regulator.,20mg,1 strip x 10 tablets,Square Pharmaceuticals PLC,75,90,708, [✅], [✅]
Ramace,Ramipril,ACE inhibitor reducing cardiac remodeling pathologies.,5mg,1 strip x 10 tablets,Incepta Pharmaceuticals Ltd.,68,80,1042, [✅], [✅]
Carva,Carvedilol,Alpha-beta blocker stabilizing failing myocardial architecture.,6.25mg,1 strip x 10 tablets,Opsonin Pharma Ltd.,48,55,249, [✅], [✅]
Nitrin SR,Glyceryl Trinitrate,Sustained systemic venous dilator preventing angina episodes.,2.6mg,1 strip x 10 tablets,Renata Limited,102,120,780, [✅], [✅]
Nitromint,Glyceryl Trinitrate Spray,Sublingual emergency ischemic rescue spray system.,0.4mg/dose,1 Canister,Aci Limited,580,650,572, [✅], [✅]
Ivanor,Ivabradine,Hyperpolarization-activated cyclic nucleotide-gated channel blocker.,5mg,1 strip x 10 tablets,Eskayef Pharmaceuticals Ltd.,160,190,261, [✅], [✅]
Warf,Warfarin Sodium,Vitamin K antagonist monitoring critical prothrombin lines.,5mg,1 strip x 10 tablets,Aristopharma Ltd.,70,85,1145, [✅], [✅]
Roxaban,Rivaroxaban,Direct factor Xa inhibitor anticoagulant processing safely.,10mg,1 strip x 10 tablets,Drug International Ltd.,320,380,975, [✅], [✅]
Geprin-A,Clopidogrel + Aspirin,Dual antiplatelet dynamic tracking post-stent therapy.,75mg/75mg,1 strip x 10 tablets,Radiant Pharmaceuticals Ltd.,135,160,1193, [✅], [✅]
Ventolin Sol.,Salbutamol Respiratory Sol.,Inhalation nebulization liquid tracking critical spasms.,5mg/ml,1 Bottle x 20ml,Popular Pharmaceuticals Ltd.,145,175,817, [✅], [✅]
Iprasmol,Ipratropium + Salbutamol,Anticholinergic-bronchodilator synergy tracking loop.,0.5mg/2.5mg,1 Nebule x 2.5ml,Beacon Pharmaceuticals PLC,35,42,637, [✅], [✅]
Symbicort,Budesonide + Formoterol,Inhaled corticosteroid + LABA asthma management controller.,160mcg/4.5mcg,1 Turbohaler,Healthcare Pharmaceuticals Ltd.,880,1050,236, [✅], [✅]
Ticamet,Fluticasone + Salmeterol,Maintenance therapy tracking chronic obstructive pulmonary profiles.,250mcg/50mcg,1 Inhaler x 60 puffs,Beximco Pharmaceuticals Ltd.,460,530,1056, [✅], [✅]
Tiomax,Tiotropium,Long-acting muscarinic antagonist parsing lung capacity tracking.,18mcg,1 strip x 10 capsules,Square Pharmaceuticals PLC,190,230,735, [✅], [✅]
Doxorex,Doxofylline Syrup,Pediatric xanthine bronchodilator respiratory line.,100mg/5ml,1 Bottle x 100ml,Incepta Pharmaceuticals Ltd.,55,65,921, [✅], [✅]
Cortisolf,Hydrocortisone Sodium Succinate,Emergency systemic glucocorticoid injection tracker.,100mg,1 Vial,Opsonin Pharma Ltd.,320,380,1027, [✅], [✅]
Medrol,Methylprednisolone,Intense immune pulse therapy glucocorticoid structural line.,4mg,1 strip x 10 tablets,Renata Limited,110,130,559, [✅], [✅]
Burnsil,Silver Sulfadiazine,Topical antibacterial protective barrier for severe burn paths.,1%,1 Jar x 250g,Aci Limited,240,290,732, [], [✅]
Bactoderm,Mupirocin,Topical protein synthesis blocker resolving impetigo lines.,2%,1 Tube x 15g,Eskayef Pharmaceuticals Ltd.,115,140,1105, [], [✅]
Fusi,Fusidic Acid,Steroidal topical antibiotic clearing deep staph cells.,2%,1 Tube x 10g,Aristopharma Ltd.,85,105,993, [], [✅]
Cortoid,Hydrocortisone Acetate,Mild topical anti-inflammatory skin scaling tracker.,1%,1 Tube x 15g,Drug International Ltd.,42,55,735, [], [✅]
Dermovate,Clobetasol Propionate,Ultra-high potency topical corticosteroid skin element.,0.05%,1 Tube x 15g,Radiant Pharmaceuticals Ltd.,95,115,221, [✅], [✅]
Scabex,Permethrin,Neurotoxic scabicidal topical whole body lotion profile.,5%,1 Bottle x 60ml,Popular Pharmaceuticals Ltd.,75,95,376, [], [✅]
Xonotar,Salicylic Acid + Coal Tar,Keratolytic shampoo breaking stubborn plaque psoriasis.,3%/1%,1 Bottle x 100ml,Beacon Pharmaceuticals PLC,210,250,355, [], [✅]
Timoptol,Timolol Maleate,Beta blocker eye drops reducing intraocular glaucoma strain.,0.5%,1 Dropper x 5ml,Healthcare Pharmaceuticals Ltd.,110,135,350, [✅], [✅]
Latacom,Latanoprost,Prostaglandin analogue maximizing uveoscleral outflow tracks.,0.005%,1 Dropper x 2.5ml,Beximco Pharmaceuticals Ltd.,480,560,1159, [✅], [✅]
Moxisight,Moxifloxacin Eye Drops,Fourth-generation fluoroquinolone clearing ocular bacteria safely.,0.5%,1 Dropper x 5ml,Square Pharmaceuticals PLC,140,165,914, [✅], [✅]
Tears-P,Sodium Carboxymethylcellulose,Lubricating artificial tears protecting dry cornea layers.,0.5%,1 Dropper x 10ml,Incepta Pharmaceuticals Ltd.,135,160,893, [], [✅]
Cipro-Ear,Ciprofloxacin Otic Drops,Targeted anti-infective treating painful otitis externa.,0.3%,1 Dropper x 5ml,Opsonin Pharma Ltd.,68,80,269, [✅], [✅]
Waxolve,Sodium Bicarbonate Ear Drops,Alkaline solution loosening impacted cerumen blocks.,5%,1 Dropper x 10ml,Renata Limited,35,45,293, [], [✅]
Afrin Nasal,Oxymetazoline HCl,Alpha-adrenergic vasoconstrictor resolving nasal congestion.,0.05%,1 Spray x 10ml,Aci Limited,75,90,380, [], [✅]
Fluticone,Fluticasone Furoate,Intranasal corticosteroid managing chronic hay fever.,27.5mcg/spray,1 Spray x 120 doses,Eskayef Pharmaceuticals Ltd.,280,330,261, [✅], [✅]
Azelast,Azelastine + Fluticasone,Dual action antihistamine-steroid advanced nasal spray.,137mcg/50mcg,1 Spray x 150 doses,Aristopharma Ltd.,390,460,957, [✅], [✅]
Gynocane,Clotrimazole Vaginal Cream,Intra-vaginal antifungal treating candidal vulvovaginitis.,2%,1 Tube x 20g,Drug International Ltd.,95,120,381, [], [✅]
Primolut-N,Norethisterone,Synthetic progestogen delaying menstruation tracking.,5mg,1 strip x 10 tablets,Radiant Pharmaceuticals Ltd.,92,110,517, [✅], [✅]
Mifemax,Mifepristone,Progesterone receptor antagonist tracking medical termination.,200mg,1 strip x 1 tablet,Popular Pharmaceuticals Ltd.,320,380,886, [✅], [✅]
Isovent,Misoprostol,PGE1 analogue inducing uterine contraction structural lines.,200mcg,1 strip x 4 tablets,Beacon Pharmaceuticals PLC,120,150,865, [✅], [✅]
Librax,Chlordiazepoxide + Clidinium,Antianxiety anticholinergic tracking irritable stomach states.,5mg/2.5mg,1 strip x 10 tablets,Healthcare Pharmaceuticals Ltd.,48,60,672, [✅], [✅]
Enzyme-D,Pancreatin,Digestive enzyme replacement tracking pancreatic insufficiency.,Standard,1 strip x 10 tablets,Beximco Pharmaceuticals Ltd.,135,160,397, [], [✅]
Urso,Ursodeoxycholic Acid,Hydrophilic bile acid dissolving cholesterol gallstones.,300mg,1 strip x 10 tablets,Square Pharmaceuticals PLC,260,310,446, [✅], [✅]
Hepaclear,L-Ornithine L-Aspartate,Amino acid layout removing ammonia in hepatic dysfunction.,150mg,1 strip x 10 tablets,Incepta Pharmaceuticals Ltd.,185,220,934, [✅], [✅]
Probio,Lactobacillus acidophilus mix,Multi-strain therapeutic grade protective microflora tracking capsule.,Standard,1 strip x 10 capsules,Opsonin Pharma Ltd.,150,180,503, [], [✅]
Zyloric,Allopurinol,Xanthine oxidase inhibitor reducing uric acid concentrations.,100mg,1 strip x 10 tablets,Renata Limited,42,50,691, [✅], [✅]
Febu,Febuxostat,Selective xanthine oxidase blocker treating chronic gout matrix.,40mg,1 strip x 10 tablets,Aci Limited,95,115,1164, [✅], [✅]
Goutnil,Colchicine,Mitotic poison terminating acute gout inflammatory attacks.,0.5mg,1 strip x 10 tablets,Eskayef Pharmaceuticals Ltd.,80,100,738, [✅], [✅]
Trex,Methotrexate,Antimetabolite managing severe rheumatoid arthritis pathways.,2.5mg,1 strip x 10 tablets,Aristopharma Ltd.,90,110,470, [✅], [✅]
Salazine,Sulfasalazine,Disease-modifying antirheumatic drug tracking bowel-joint tracks.,500mg,1 strip x 10 tablets,Drug International Ltd.,140,170,463, [✅], [✅]
Reconil,Hydroxychloroquine,Immunomodulator tracking systemic lupus erythematosus pipelines.,200mg,1 strip x 10 tablets,Radiant Pharmaceuticals Ltd.,160,190,376, [✅], [✅]
Azoran,Azathioprine,Purine synthesis blocker suppressing organ rejection layers.,50mg,1 strip x 10 tablets,Popular Pharmaceuticals Ltd.,280,330,426, [✅], [✅]
Cyclosporin,Cycloset Eye Drops,Immunosuppressant treating severe dry eye keratitis tracks.,0.05%,1 Dropper x 3ml,Beacon Pharmaceuticals PLC,420,500,444, [✅], [✅]
Sinemet,Levodopa + Carbidopa,Dopamine replenishment layout tracking Parkinson's systems.,100mg/25mg,1 strip x 10 tablets,Healthcare Pharmaceuticals Ltd.,190,230,1011, [✅], [✅]
Pramitrex,Pramipexole,Non-ergoline dopamine agonist processing restless legs syndrome.,0.25mg,1 strip x 10 tablets,Beximco Pharmaceuticals Ltd.,110,135,1188, [✅], [✅]
Memoprev,Donepezil HCl,Acetylcholinesterase inhibitor tracking Alzheimer's disease memory.,5mg,1 strip x 10 tablets,Square Pharmaceuticals PLC,130,155,479, [✅], [✅]
Mentix,Memantine HCl,NMDA receptor antagonist mitigating cortical excitotoxicity.,10mg,1 strip x 10 tablets,Incepta Pharmaceuticals Ltd.,180,215,217, [✅], [✅]
Betnovate,Betamethasone Valerate,Classic structural steroid treating eczematous flare lines.,0.1%,1 Tube x 20g,Opsonin Pharma Ltd.,48,60,933, [✅], [✅]
